{"cameraMode":{"drawMode":0,"name":"Shaded","section":"Shading Mode"},"sceneLighting":false,"audioPlay":false,"sceneViewState":{"showFog":true,"showMaterialUpdate":false,"showSkybox":false,"showFlares":true,"showImageEffects":true,"showParticleSystems":true},"in2DMode":false,"pivot":{"x":11.576571464538575,"y":0.5362114310264587,"z":-37.692848205566409},"rotation":{"x":0.06321029365062714,"y":-0.8846938610076904,"z":0.12586469948291779,"w":0.4445076286792755},"size":1.2536017894744874,"orthographic":false}