{"cameraMode":{"drawMode":0,"name":"Shaded","section":"Shading Mode"},"sceneLighting":true,"audioPlay":false,"sceneViewState":{"showFog":true,"showMaterialUpdate":false,"showSkybox":true,"showFlares":true,"showImageEffects":true,"showParticleSystems":true},"in2DMode":false,"pivot":{"x":-0.009547717869281769,"y":0.5154457092285156,"z":0.793182373046875},"rotation":{"x":-0.00954118836671114,"y":0.9905606508255005,"z":-0.09571665525436402,"w":-0.10116688162088394},"size":0.8594467639923096,"orthographic":false}