{"cameraMode":{"drawMode":0,"name":"Shaded","section":"Shading Mode"},"sceneLighting":false,"audioPlay":false,"sceneViewState":{"showFog":true,"showMaterialUpdate":false,"showSkybox":false,"showFlares":true,"showImageEffects":true,"showParticleSystems":true},"in2DMode":false,"pivot":{"x":-28.5,"y":0.38115614652633669,"z":-60.29999923706055},"rotation":{"x":0.001300237374380231,"y":-0.9927533268928528,"z":0.12303436547517777,"w":0.009270930662751198},"size":1.105254888534546,"orthographic":false}