{"cameraMode":{"drawMode":0,"name":"Shaded","section":"Shading Mode"},"sceneLighting":false,"audioPlay":false,"sceneViewState":{"showFog":true,"showMaterialUpdate":false,"showSkybox":false,"showFlares":true,"showImageEffects":true,"showParticleSystems":true},"in2DMode":false,"pivot":{"x":1.733154296875,"y":3.4507808685302736,"z":-39.89326858520508},"rotation":{"x":-0.030092835426330568,"y":0.9253729581832886,"z":-0.07385789602994919,"w":-0.3716388940811157},"size":6.850358486175537,"orthographic":false}