{"cameraMode":{"drawMode":0,"name":"Shaded","section":"Shading Mode"},"sceneLighting":false,"audioPlay":false,"sceneViewState":{"showFog":true,"showMaterialUpdate":false,"showSkybox":false,"showFlares":true,"showImageEffects":true,"showParticleSystems":true},"in2DMode":false,"pivot":{"x":11.546767234802246,"y":0.2769223749637604,"z":-30.99553108215332},"rotation":{"x":0.11635002493858338,"y":0.5017938613891602,"z":-0.06827910989522934,"w":0.8544784784317017},"size":0.837807834148407,"orthographic":false}