{"cameraMode":{"drawMode":0,"name":"Shaded","section":"Shading Mode"},"sceneLighting":false,"audioPlay":false,"sceneViewState":{"showFog":true,"showMaterialUpdate":false,"showSkybox":false,"showFlares":true,"showImageEffects":true,"showParticleSystems":true},"in2DMode":false,"pivot":{"x":6.793078422546387,"y":0.4700000286102295,"z":-29.761537551879884},"rotation":{"x":-0.007784148678183556,"y":-0.9922893047332764,"z":0.09438051283359528,"w":-0.08472762256860733},"size":2.686141014099121,"orthographic":false}